{
    "starts": [
        [
            2.22937,
            -3.4211,
            -2.10868,
            0.0,
            0.0
        ],
        [
            0.533344293379538,
            -3.4317926237022722,
            2.6100912299914114,
            0.0,
            0.0
        ],
        [
            2.0374311200167528,
            -3.14068108872565,
            2.3094002162299603,
            0.0,
            0.0
        ],
        [
            0.644833407586771,
            -2.226925521505882,
            2.9275650429757096,
            0.0,
            0.0
        ],
        [
            2.6808162307577654,
            -2.115111776551709,
            -1.096979085442832,
            0.0,
            0.0
        ]
    ],
    "goals": [
        [
            2.78046,
            3.1383,
            -1.50903,
            0.0,
            0.0
        ],
        [
            2.214791198285357,
            2.9199615348576327,
            -0.07237871223278214,
            0.0,
            0.0
        ],
        [
            2.8611224021286947,
            3.2855552572298103,
            -0.01343701794436214,
            0.0,
            0.0
        ],
        [
            2.8788,
            3.412655,
            0.09732,
            0.0,
            0.0
        ],
        [
            -0.27323140947457647,
            0.6676713310734952,
            2.0117285352664602,
            0.0,
            0.0
        ]
    ]
}

